"DESCRIPTION","DURATION IN MS","NAME","PARENT SUITE","START TIME","STATUS","STOP TIME","SUB SUITE","SUITE","TEST CLASS","TEST METHOD"
"","91","Given Login page is opened","","Fri Mar 21 15:31:14 IST 2025","passed","Fri Mar 21 15:31:14 IST 2025","","Web Form Testing: Fill the form with valid and invalid inputs","",""
"","35674","Given I open the form page","","Thu Mar 20 19:33:47 IST 2025","passed","Thu Mar 20 19:34:23 IST 2025","","Web Form Testing: Fill the form with valid and invalid inputs","",""
"","0","And I enter ""Singh"" in the Last Name field","","Thu Mar 20 18:18:40 IST 2025","skipped","Thu Mar 20 18:18:40 IST 2025","","Web Form Testing: Fill the form with valid and invalid inputs","",""
"","1","When I login with tomsmith and SuperSecretPassword!","","Thu Mar 20 19:24:24 IST 2025","broken","Thu Mar 20 19:24:24 IST 2025","","The Internet Guinea Pig Website: As a user, I can log into the secure area","",""
"","241","When I enter incorrectUser and Password123","","Fri Mar 21 15:31:13 IST 2025","passed","Fri Mar 21 15:31:14 IST 2025","","Web Form Testing: Fill the form with valid and invalid inputs","",""
"","31","Then I should see a flash message saying Your username is invalid!","","Fri Mar 21 15:31:14 IST 2025","passed","Fri Mar 21 15:31:14 IST 2025","","Web Form Testing: Fill the form with valid and invalid inputs","",""
"","1","hook:","","Fri Mar 21 15:31:16 IST 2025","failed","Fri Mar 21 15:31:16 IST 2025","","","",""
"","1","Then I shouldcs see a flash message saying Your username is invalid!","","Fri Mar 21 14:37:33 IST 2025","broken","Fri Mar 21 14:37:33 IST 2025","","Web Form Testing: Fill the form with valid and invalid inputs","",""
"","1","When I enter lastname in the Last Name field","","Thu Mar 20 18:41:42 IST 2025","broken","Thu Mar 20 18:41:42 IST 2025","","Web Form Testing: Fill the form with valid and invalid inputs","",""
"","35","Then I should see a success message","","Fri Mar 21 15:31:15 IST 2025","passed","Fri Mar 21 15:31:15 IST 2025","","Web Form Testing: Positive LogIn test","",""
"","75","Given Login page is opened","","Fri Mar 21 15:31:14 IST 2025","passed","Fri Mar 21 15:31:14 IST 2025","","Web Form Testing: Positive LogIn test","",""
"","18","Then I should see a flash message saying Your password is invalid!","","Fri Mar 21 15:31:14 IST 2025","passed","Fri Mar 21 15:31:14 IST 2025","","Web Form Testing: Fill the form with valid and invalid inputs","",""
"","1","Then I shouldcs see a flash message saying Your password is invalid!","","Fri Mar 21 14:37:34 IST 2025","broken","Fri Mar 21 14:37:34 IST 2025","","Web Form Testing: Fill the form with valid and invalid inputs","",""
"","38335","Given I open the form page","","Fri Mar 21 12:40:48 IST 2025","passed","Fri Mar 21 12:41:26 IST 2025","","Web Form Testing: Fill the form with valid and invalid inputs","",""
"","105","hook:","","Thu Mar 20 19:24:25 IST 2025","failed","Thu Mar 20 19:24:25 IST 2025","","","",""
"","321","When I enter firstname and lastname in the First Name field","","Thu Mar 20 19:34:23 IST 2025","passed","Thu Mar 20 19:34:23 IST 2025","","Web Form Testing: Fill the form with valid and invalid inputs","",""
"","84","Then I should see an error message for invalid email","","Thu Mar 20 18:12:55 IST 2025","failed","Thu Mar 20 18:12:55 IST 2025","","Web Form Testing: Fill the form with valid and invalid inputs","",""
"","480","Then the logout button should be displayed","","Fri Mar 21 15:31:15 IST 2025","passed","Fri Mar 21 15:31:16 IST 2025","","Web Form Testing: Positive LogIn test","",""
"","1","When I enter firstname in the First Name field","","Thu Mar 20 18:41:42 IST 2025","broken","Thu Mar 20 18:41:42 IST 2025","","Web Form Testing: Fill the form with valid and invalid inputs","",""
"","1","Then I should see a flash message saying You logged into a secure area!","","Thu Mar 20 19:24:24 IST 2025","broken","Thu Mar 20 19:24:24 IST 2025","","The Internet Guinea Pig Website: As a user, I can log into the secure area","",""
"","1","When user enters incorrectUser and Password123","","Fri Mar 21 14:26:50 IST 2025","broken","Fri Mar 21 14:26:50 IST 2025","","Web Form Testing: Fill the form with valid and invalid inputs","",""
"","5","Then I should be redirected to the success page","","Fri Mar 21 14:54:04 IST 2025","failed","Fri Mar 21 14:54:04 IST 2025","","Web Form Testing: Positive LogIn test","",""
"","0","When I enter ""Arshdeep"" in the First Name field","","Thu Mar 20 18:18:40 IST 2025","skipped","Thu Mar 20 18:18:40 IST 2025","","Web Form Testing: Fill the form with valid and invalid inputs","",""
"","326","When I enter firstname and lastname in the First Name field","","Fri Mar 21 12:41:26 IST 2025","passed","Fri Mar 21 12:41:26 IST 2025","","Web Form Testing: Fill the form with valid and invalid inputs","",""
"","207","When I enter student and incorrectPassword","","Fri Mar 21 15:31:14 IST 2025","passed","Fri Mar 21 15:31:14 IST 2025","","Web Form Testing: Fill the form with valid and invalid inputs","",""
"","0","Then I should see a success message","","Thu Mar 20 18:12:55 IST 2025","skipped","Thu Mar 20 18:12:55 IST 2025","","Web Form Testing: Fill the form with valid and invalid inputs","",""
"","1","When I enter a valid email ""arshdeep@gmail.com""","","Thu Mar 20 18:12:55 IST 2025","skipped","Thu Mar 20 18:12:55 IST 2025","","Web Form Testing: Fill the form with valid and invalid inputs","",""
"","1","Then I enter lastname in the Last Name field","","Thu Mar 20 18:33:18 IST 2025","broken","Thu Mar 20 18:33:18 IST 2025","","Web Form Testing: Fill the form with valid and invalid inputs","",""
"","206","When clicks on submit button","","Thu Mar 20 19:34:23 IST 2025","passed","Thu Mar 20 19:34:23 IST 2025","","Web Form Testing: Fill the form with valid and invalid inputs","",""
"","0","When user enters student and incorrectPassword","","Fri Mar 21 14:26:50 IST 2025","broken","Fri Mar 21 14:26:50 IST 2025","","Web Form Testing: Fill the form with valid and invalid inputs","",""
"","1","Given I am on the login page","","Thu Mar 20 19:24:25 IST 2025","broken","Thu Mar 20 19:24:25 IST 2025","","The Internet Guinea Pig Website: As a user, I can log into the secure area","",""
"","1","Then I should see a flash message saying Your username is invalid!","","Thu Mar 20 19:24:25 IST 2025","broken","Thu Mar 20 19:24:25 IST 2025","","The Internet Guinea Pig Website: As a user, I can log into the secure area","",""
"","5003","Then I wait for 5 seconds before closing","","Thu Mar 20 19:34:23 IST 2025","passed","Thu Mar 20 19:34:28 IST 2025","","Web Form Testing: Fill the form with valid and invalid inputs","",""
"","1","When I login with foobar and barfoo","","Thu Mar 20 19:24:25 IST 2025","broken","Thu Mar 20 19:24:25 IST 2025","","The Internet Guinea Pig Website: As a user, I can log into the secure area","",""
"","188","When I enter student and Password123","","Fri Mar 21 15:31:14 IST 2025","passed","Fri Mar 21 15:31:14 IST 2025","","Web Form Testing: Positive LogIn test","",""
"","714","When clicks on submit button","","Fri Mar 21 15:31:14 IST 2025","passed","Fri Mar 21 15:31:15 IST 2025","","Web Form Testing: Positive LogIn test","",""
"","1","And clicks on submit button","","Thu Mar 20 19:18:21 IST 2025","broken","Thu Mar 20 19:18:21 IST 2025","","Web Form Testing: Fill the form with valid and invalid inputs","",""
"","5005","Then I wait for 5 seconds before closing","","Fri Mar 21 12:41:27 IST 2025","passed","Fri Mar 21 12:41:32 IST 2025","","Web Form Testing: Fill the form with valid and invalid inputs","",""
"","197","When I enter ""student"" and ""Password123""","","Fri Mar 21 15:16:48 IST 2025","passed","Fri Mar 21 15:16:48 IST 2025","","Web Form Testing: Positive LogIn test","",""
"","175","And I enter an invalid email ""arshdeep@""","","Thu Mar 20 18:12:55 IST 2025","passed","Thu Mar 20 18:12:55 IST 2025","","Web Form Testing: Fill the form with valid and invalid inputs","",""
"","0","And I submit the form","","Thu Mar 20 18:12:55 IST 2025","skipped","Thu Mar 20 18:12:55 IST 2025","","Web Form Testing: Fill the form with valid and invalid inputs","",""
"","1","hook:","","Fri Mar 21 15:31:14 IST 2025","failed","Fri Mar 21 15:31:14 IST 2025","","","",""
"","67","When clicks on submit button","","Fri Mar 21 15:31:14 IST 2025","passed","Fri Mar 21 15:31:14 IST 2025","","Web Form Testing: Fill the form with valid and invalid inputs","",""
